Sample in Buffer,Sample in Window,TRIGGER,i_system_wrapper/system_i/system_ila_1/inst/probe0_1,i_system_wrapper/system_i/system_ila_1/inst/probe1_1,i_system_wrapper/system_i/system_ila_1/inst/probe2_1[31:0],i_system_wrapper/system_i/system_ila_1/inst/probe3_1[31:0],i_system_wrapper/system_i/system_ila_1/inst/probe4_1[31:0],i_system_wrapper/system_i/system_ila_1/inst/probe5_1[31:0]
Radix - UNSIGNED,UNSIGNED,UNSIGNED,HEX,HEX,SIGNED,SIGNED,SIGNED,SIGNED
0,0,0,0,0,1905226276,1895199119,990657002,1895199119
1,1,0,0,0,1884844278,28760,1028865071,28760
2,2,0,0,0,1863282614,1852010255,1067531897,1852010255
3,3,0,0,0,1840410211,28082,1106460873,28082
4,4,0,0,0,1816292605,1803709506,1145651997,1803709506
5,5,0,0,0,1790798722,27325,1185039733,27325
6,6,0,0,0,1763994099,1750034724,1224624080,1750034724
7,7,0,0,0,1735747663,26485,1264339501,26485
8,8,0,0,0,1706059414,1690723760,1304054923,1690723760
9,9,0,0,0,1674929350,25557,1343835882,25557
10,10,0,0,0,1642291935,1625448931,1383551304,1625448931
11,11,0,0,0,1608147170,24538,1423135653,24538
12,12,0,0,0,1572429516,1553948089,1462457855,1553948089
13,13,0,0,0,1535073439,23423,1501648983,23423
14,14,0,0,0,1496144473,1476090157,1540446889,1476090157
15,15,0,0,0,1455577083,22210,1578786038,22210
16,16,0,0,0,1413371267,1391612990,1616731965,1391612990
17,17,0,0,0,1369461490,20896,1654088059,20896
18,18,0,0,0,1323847751,1300385512,1690788784,1300385512
19,19,0,0,0,1276530050,19478,1726768603,19478
20,20,0,0,0,1227508387,1202342186,1761961978,1202342186
21,21,0,0,0,1176782762,17956,1796237836,17956
22,22,0,0,0,1124353175,1097483012,1829530640,1097483012
23,23,0,0,0,1070154090,16329,1861709316,16329
24,24,0,0,0,1014316578,985742453,1892773862,985742453
25,25,0,0,0,956709569,14598,1922527670,14598
26,26,0,0,0,897464134,867251582,1950839666,867251582
27,27,0,0,0,836580273,12765,1977775383,12765
28,28,0,0,0,773992451,742141474,2003072678,742141474
29,29,0,0,0,709831740,10831,2026666011,10831
30,30,0,0,0,644098141,610674276,2048555382,610674276
31,31,0,0,0,576857190,8802,2068478646,8802
32,32,0,0,0,508108888,473177673,2086435799,473177673
33,33,0,0,0,437918772,6682,2102295769,6682
34,34,0,0,0,366352379,330110422,2115927482,330110422
35,35,0,0,0,293540781,4479,2127265401,4479
36,36,0,0,0,219418444,181931284,2136178452,181931284
37,37,0,0,0,144181976,2200,2142601097,2200
38,38,0,0,0,67831379,29295627,2146336726,29295627
39,39,0,0,0,-9371201,65393,2147385339,65393
40,40,0,0,0,-87491298,-126879032,2145615862,-126879032
41,41,0,0,0,-166463377,62995,2140962757,62995
42,42,0,0,0,-246090827,-286133932,2133229415,-286133932
43,43,0,0,0,-326242575,60557,2122481370,60557
44,44,0,0,0,-406853081,-447223873,2108522014,-447223873
45,45,0,0,0,-487660201,58094,2091285808,58094
46,46,0,0,0,-568663932,-609165798,2070707216,-609165798
47,47,0,0,0,-649667664,55622,2046786236,55622
48,48,0,0,0,-730474787,-770780043,2019326260,-770780043
49,49,0,0,0,-811019762,53160,1988327286,53160
50,50,0,0,0,-890974907,-930755868,1953789315,-930755868
51,51,0,0,0,-970340219,50729,1915646808,50729
52,52,0,0,0,-1048788015,-1087651460,1873834230,-1087651460
53,53,0,0,0,-1126252757,48350,1828351580,48350
54,54,0,0,0,-1202472298,-1240025005,1779133321,-1240025005
55,55,0,0,0,-1277250026,46046,1726179454,46046
56,56,0,0,0,-1350389331,-1386303614,1669621051,-1386303614
57,57,0,0,0,-1421759138,43841,1609327039,43841
58,58,0,0,0,-1491031763,-1524783328,1545362954,-1524783328
59,59,0,0,0,-1558010595,41762,1477728799,41762
60,60,0,0,0,-1622564559,-1653825719,1406555644,-1653825719
61,61,0,0,0,-1684431508,39833,1331909027,39833
62,62,0,0,0,-1743349294,-1771661290,1253723413,-1771661290
63,63,0,0,0,-1799121306,38083,1172260947,38083
64,64,0,0,0,-1851616468,-1876455006,1087521631,-1876455006
65,65,0,0,0,-1900441561,36537,999636538,36537
66,66,0,0,0,-1945531047,-1966633975,908802278,-1966633975
67,67,0,0,0,-1986622777,35222,815084389,35222
68,68,0,0,0,-2023520140,-2040297629,718679482,-2040297629
69,69,0,0,0,-2055960989,34164,619718632,34164
70,70,0,0,0,-2083814250,-2095938613,518463984,-2095938613
71,71,0,0,0,-2106817774,33388,415112150,33388
72,72,0,0,0,-2124906024,-2131984040,309859742,-2131984040
73,73,0,0,0,-2137751316,32916,202903371,32916
74,74,0,0,0,-2145288112,-2146992095,94570720,-2146992095
75,75,0,0,0,-2147319801,32770,-14810526,32770
76,76,0,0,0,-2143715309,-2139783111,-125043754,-2139783111
77,77,0,0,0,-2134343563,32968,-235932354,32968
78,78,0,0,0,-2119139023,-2109242960,-347017568,-2109242960
79,79,0,0,0,-2097905081,33524,-458102784,33524
80,80,0,0,0,-2070641736,-2054716268,-568729244,-2054716268
81,81,0,0,0,-2037283449,34449,-678634799,34449
82,82,0,0,0,-1997764685,-1975678740,-787426228,-1975678740
83,83,0,0,0,-1952019907,35750,-894710309,35750
84,84,0,0,0,-1900180186,-1871933763,-1000159357,-1871933763
85,85,0,0,0,-1842179988,37426,-1103380150,37426
86,86,0,0,0,-1778019312,-1743677947,-1203979466,-1743677947
87,87,0,0,0,-1707894767,39475,-1301564083,39475
88,88,0,0,0,-1631806355,-1591566660,-1395806315,-1591566660
89,89,0,0,0,-1549885150,41886,-1486181868,41886
90,90,0,0,0,-1462327761,-1416517418,-1572428593,-1416517418
91,91,0,0,0,-1369330799,44641,-1654087730,44641
92,92,0,0,0,-1271025338,-1219972035,-1730766059,-1219972035
93,93,0,0,0,-1167673528,47718,-1802070357,47718
94,94,0,0,0,-1059537514,-1003831080,-1867672938,-1003831080
95,95,0,0,0,-947010518,51085,-1927246117,51085
96,96,0,0,0,-830223616,-770453885,-1980331137,-770453885
97,97,0,0,0,-709701101,54706,-2026665849,54706
98,98,0,0,0,-585770659,-522593003,-2065922566,-522593003
99,99,0,0,0,-458759975,58535,-2097773605,58535
100,100,0,0,0,-329193345,-263590816,-2121956817,-263590816
101,101,0,0,0,-197463991,62522,-2138275591,62522
102,102,0,0,0,-64096207,2948141,-2146402241,2948141
103,103,0,0,0,70254636,1072,-2146205694,1072
104,104,0,0,0,205326390,272960573,-2137489339,272960573
105,105,0,0,0,340529221,5196,-2120187637,5196
106,106,0,0,0,475207761,542186579,-2094103978,542186579
107,107,0,0,0,608837713,9290,-2059238361,9290
108,108,0,0,0,740698172,805841958,-2015525249,805841958
109,109,0,0,0,870330376,13280,-1963030180,13280
110,110,0,0,0,997078957,1059142510,-1901818688,1059142510
111,111,0,0,0,1120288545,17094,-1831956311,17094
112,112,0,0,0,1239369307,1297172959,-1753574124,1297172959
113,113,0,0,0,1353665873,20655,-1666934273,20655
114,114,0,0,0,1462588409,1514821421,-1572233369,1514821421
115,115,0,0,0,1565481546,23887,-1469799096,23887
116,116,0,0,0,1661820987,1707369229,-1359959140,1707369229
117,117,0,0,0,1751016900,26718,-1243041185,26718
118,118,0,0,0,1832413914,1870032184,-1119569527,1870032184
119,119,0,0,0,1905553270,29076,-990002923,29076
120,120,0,0,0,1969910672,1998615914,-854865670,1998615914
121,121,0,0,0,2024961824,30898,-714747601,30898
122,122,0,0,0,2070313503,2089188198,-570238548,2089188198
123,123,0,0,0,2105506950,32127,-421993881,32127
124,124,0,0,0,2130280016,2138603257,-270734507,2138603257
125,125,0,0,0,2144239480,32718,-117181332,32718
126,126,0,0,0,2147057657,2144305145,37748127,2144305145
127,127,0,0,0,2138669007,32633,193398498,32633
128,128,0,0,0,2118876920,2104655435,348983339,2104655435
129,129,0,0,0,2087550322,31853,503519595,31853
130,130,0,0,0,2044689212,2018933215,656220821,2018933215
131,131,0,0,0,1990293590,30369,806235036,30369
132,132,0,0,0,1924560065,1887531702,952513650,1887531702
133,133,0,0,0,1847685249,28193,1094270217,28193
134,134,0,0,0,1759800215,1711892708,1230652757,1711892708
135,135,0,0,0,1661363721,25350,1360612678,25350
136,136,0,0,0,1552703452,1494637708,1483429073,1494637708
137,137,0,0,0,1434278166,21885,1598184423,21885
138,138,0,0,0,1306743233,1239698915,1704026747,1239698915
139,139,0,0,0,1170688484,17863,1800235138,17863
140,140,0,0,0,1026769291,952057139,1886023152,952057139
141,141,0,0,0,875772095,13363,1960735418,13363
142,142,0,0,0,718548878,637872852,2023651029,637872852
143,143,0,0,0,556017157,8484,2074180151,8484
144,144,0,0,0,389094450,304289585,2111864026,304289585
145,145,0,0,0,218829347,3339,2136243892,3339
146,146,0,0,0,46204905,-40500543,2146926528,-40500543
147,147,0,0,0,-127402602,63591,2143649785,63591
148,148,0,0,0,-301206728,-387781109,2126151515,-387781109
149,149,0,0,0,-473896734,58304,2094431716,58304
150,150,0,0,0,-644292954,-728245864,2048424850,-728245864
151,151,0,0,0,-811150185,53158,1988261992,53158
152,152,0,0,0,-973288761,-1052195332,1914139751,-1052195332
153,153,0,0,0,-1129463480,48301,1826320275,48301
154,154,0,0,0,-1278494674,-1349930037,1725327857,-1349930037
155,155,0,0,0,-1419202679,43880,1611555722,43880
156,156,0,0,0,-1550407828,-1612143722,1485724772,-1612143722
157,157,0,0,0,-1671127064,40036,1348490380,40036
158,158,0,0,0,-1780246259,-1830119965,1200835597,-1830119965
159,159,0,0,0,-1876716822,36899,1043546868,36899
160,160,0,0,0,-1959752305,-1995928784,877738321,-1995928784
161,161,0,0,0,-2028435192,34584,704589621,34584
162,162,0,0,0,-2082110111,-2103082011,525280433,-2103082011
163,163,0,0,0,-2120121691,33185,341055961,33185
164,164,0,0,0,-2141880100,-2146533291,153292481,-2146533291
165,165,0,0,0,-2147057650,32774,-36437122,32774
166,166,0,0,0,-2135326657,-2123071303,-226756569,-2123071303
167,167,0,0,0,-2106621580,33391,-416224046,33391
168,168,0,0,0,-2060811348,-2031581910,-603266666,-2031581910
169,169,0,0,0,-1998158104,35046,-786311540,35046
170,170,0,0,0,-1918923997,-1873179233,-963720245,-1873179233
171,171,0,0,0,-1823436711,37712,-1134050965,37712
172,172,0,0,0,-1712351614,-1651205649,-1295665276,-1651205649
173,173,0,0,0,-1586389612,41329,-1447186900,41329
174,174,0,0,0,-1446402685,-1371493943,-1587042949,-1371493943
175,175,0,0,0,-1293439424,45799,-1714053756,45799
176,176,0,0,0,-1128613957,-1042170694,-1826777507,-1042170694
177,177,0,0,0,-953237023,50990,-1924165608,50990
178,178,0,0,0,-768684898,-673459666,-2005038394,-673459666
179,179,0,0,0,-576530469,56738,-2068478345,56738
180,180,0,0,0,-378412160,-277550735,-2113764552,-277550735
181,181,0,0,0,-175902860,62851,-2140110571,62851
182,182,0,0,0,28900251,131662264,-2147188715,131662264
183,183,0,0,0,234424281,3577,-2134540225,3577
184,184,0,0,0,438703124,539761190,-2102034025,539761190
185,185,0,0,0,639770668,9762,-2049801186,9762
186,186,0,0,0,835660804,931082703,-1978103856,931082703
187,187,0,0,0,1024472959,15632,-1887204182,15632
188,188,0,0,0,1204241022,1290160071,-1777888606,1290160071
189,189,0,0,0,1373129958,20952,-1650943569,20952
190,190,0,0,0,1529370266,1602181928,-1507352127,1602181928
191,191,0,0,0,1671257983,25501,-1348359480,25501
192,192,0,0,0,1797154685,1853647646,-1175341905,1853647646
193,193,0,0,0,1905618556,29077,-989872286,29077
194,194,0,0,0,1995338854,2032826094,-793654587,2032826094
195,195,0,0,0,2065135914,31511,-588523841,31511
196,196,0,0,0,2114092214,2130542082,-376577231,2130542082
197,197,0,0,0,2141421309,32675,-159846405,32675
198,198,0,0,0,2146598901,2140766194,59374846,2140766194
199,199,0,0,0,2129231769,32489,278858261,32489
200,200,0,0,0,2089254371,2060876935,496310048,2060876935
201,201,0,0,0,2026863318,30927,709370873,30927
202,202,0,0,0,1942386292,1892119494,915681405,1892119494
203,203,0,0,0,1836544199,28023,1112816776,28023
204,204,0,0,0,1710189017,1639736815,1298679798,1639736815
205,205,0,0,0,1564565948,23873,1470911142,23873
206,206,0,0,0,1400920193,1312904064,1627479158,1312904064
207,207,0,0,0,1221021249,18631,1766483273,18631
208,208,0,0,0,1026573077,924597552,1886153985,924597552
209,209,0,0,0,819738396,12508,1984787334,12508
210,210,0,0,0,602745462,491135981,2061072575,491135981
211,211,0,0,0,377888070,5766,2113895578,5766
212,212,0,0,0,147853235,31656144,2142338823,31656144
213,213,0,0,0,-84803101,64242,2145746939,64242
214,214,0,0,0,-317328383,-432673515,2123857774,-432673515
215,215,0,0,0,-547035595,57188,2076540254,57188
216,216,0,0,0,-771041110,-880029174,2004187597,-880029174
217,217,0,0,0,-986526837,50482,1907324096,50482
218,218,0,0,0,-1190871293,-1287997180,1786867268,-1287997180
219,219,0,0,0,-1381387462,44457,1644062313,44457
220,220,0,0,0,-1555453865,-1635671223,1480416580,-1635671223
221,221,0,0,0,-1710907775,39429,1297699565,39429
222,222,0,0,0,-1845389863,-1904176639,1098008452,-1904176639
223,223,0,0,0,-1957065088,35673,883702569,35673
224,224,0,0,0,-2044229488,-2078177753,657403394,-2078177753
225,225,0,0,0,-2105506783,33408,421797944,33408
226,226,0,0,0,-2139782842,-2146598795,179900919,-2146598795
227,227,0,0,0,-2146336755,32785,-65207442,32785
228,228,0,0,0,-2124775297,-2103475878,-310315828,-2103475878
229,229,0,0,0,-2075098465,33872,-552212927,33872
230,230,0,0,0,-1997633941,-1948677906,-787687423,-1948677906
231,231,0,0,0,-1893102631,36649,-1013462468,36649
232,232,0,0,0,-1762684196,-1688168721,-1226392285,-1688168721
233,233,0,0,0,-1607820448,41002,-1423331098,41002
234,234,0,0,0,-1430346421,-1333876034,-1601591885,-1333876034
235,235,0,0,0,-1232621442,46727,-1758291022,46727
236,236,0,0,0,-1017004843,-903429279,-1891200244,-903429279
237,237,0,0,0,-786445786,53535,-1998091293,53535
238,238,0,0,0,-544024507,-419373166,-2077260204,-419373166
239,239,0,0,0,-293017856,61064,-2127265159,61064
240,240,0,0,0,-36964829,91749835,-2147057565,91749835
241,241,0,0,0,220398967,3363,-2135982049,3363
242,242,0,0,0,475534533,601103448,-2094038604,601103448
243,243,0,0,0,724640724,11057,-2021358305,11057
244,244,0,0,0,963981929,1078868341,-1918793126,1078868341
245,245,0,0,0,1189888078,18156,-1787522731,18156
246,246,0,0,0,1398885706,1495946081,-1629185542,1495946081
247,247,0,0,0,1587566890,24224,-1445944275,24224
248,248,0,0,0,1752982461,1826056316,-1240223799,1826056316
249,249,0,0,0,1892314327,28874,-1015038809,28874
250,250,0,0,0,2003203153,2047375206,-773535082,2047375206
251,251,0,0,0,2083682824,31794,-519317149,31794
252,252,0,0,0,2132049377,2143911700,-256186155,2143911700
253,253,0,0,0,2147385289,32766,11729073,32766
254,254,0,0,0,2129035186,2107211494,280365238,2107211494
255,255,0,0,0,2076999065,31692,545462439,31692
256,256,0,0,0,1991670144,1936881334,802826305,1936881334
257,257,0,0,0,1874228082,28598,1048131396,28598
258,258,0,0,0,1726180229,1641309923,1277314416,1641309923
259,259,0,0,0,1549623764,23645,1486574216,23645
260,260,0,0,0,1347245700,1237274701,1672240724,1237274701
261,261,0,0,0,1121995199,17120,1830971549,17120
262,262,0,0,0,877476792,749220941,1959948597,749220941
263,263,0,0,0,617557160,9423,2056681460,9423
264,264,0,0,0,346496204,208147623,2119269558,208147623
265,265,0,0,0,68684904,1048,2146336612,1048
266,266,0,0,0,-211027007,-350293141,2137030636,-350293141
267,267,0,0,0,-488183010,58086,2091155015,58086
268,268,0,0,0,-757802294,-888286508,2009234039,-888286508
269,269,0,0,0,-1015166195,50045,1892250759,50045
270,270,0,0,0,-1255621586,-1368214232,1741974668,-1368214232
271,271,0,0,0,-1474908558,43030,1560699558,43030
272,272,0,0,0,-1668832741,-1755079545,1351374588,-1755079545
273,273,0,0,0,-1833724061,37555,1117407678,37555
274,274,0,0,0,-1966436738,-2019783990,862731046,-2019783990
275,275,0,0,0,-2064218212,34038,591801204,34038
276,276,0,0,0,-2124971297,-2140962473,309336812,-2140962473
277,277,0,0,0,-2147254173,32771,20384219,32771
278,278,0,0,0,-2130345927,-2107145979,-269748081,-2107145979
279,279,0,0,0,-2074115481,33887,-555882664,33887
280,280,0,0,0,-1979349271,-1917875707,-832579961,-1917875707
281,281,0,0,0,-1847358033,37347,-1094597009,37347
282,282,0,0,0,-1680370020,-1584555049,-1336887458,-1584555049
283,283,0,0,0,-1481137779,42935,-1554732641,42935
284,284,0,0,0,-1253265841,-1129728692,-1743676040,-1129728692
285,285,0,0,0,-1000686423,50266,-1899916505,50266
286,286,0,0,0,-728183720,-586034024,-2020111643,-586034024
287,287,0,0,0,-440804079,58809,-2101639971,58809
288,288,0,0,0,-143921531,6158187,-2142535371,6158187
289,289,0,0,0,156434525,2387,-2141618174,2387
290,290,0,0,0,454758977,601234203,-2098626223,601234203
291,291,0,0,0,744956886,11367,-2013952736,11367
292,292,0,0,0,1021195459,1152335070,-1888973981,1152335070
293,293,0,0,0,1277772975,19497,-1725787137,19497
294,294,0,0,0,1509380933,1614305783,-1527341364,1614305783
295,295,0,0,0,1711104056,26109,-1297437800,26109
296,296,0,0,0,1878551359,1948151800,-1040336348,1948151800
297,297,0,0,0,2007921694,30638,-761279959,30638
298,298,0,0,0,2096331425,2124381427,-465642667,2124381427
299,299,0,0,0,2141486751,32676,-159519408,32676
300,300,0,0,0,2142142462,2125561774,150732731,2125561774
301,301,0,0,0,2097839793,32010,458756660,32010
302,302,0,0,0,2009168569,1948612545,757998682,1948612545
303,303,0,0,0,1877636133,28650,1042036168,28650
304,304,0,0,0,1705667348,1605526954,1304643102,1605526954
305,305,0,0,0,1496604594,22836,1539986687,22836
306,306,0,0,0,1254707769,1122912969,1742758423,1122912969
307,307,0,0,0,984826606,15027,1908239642,15027
308,308,0,0,0,692728355,540289354,2032629188,540289354
309,309,0,0,0,384639028,5869,2112715744,5869
310,310,0,0,0,67177858,-92863487,2146336583,-92863487
311,311,0,0,0,-252577161,61681,2132508640,61681
312,312,0,0,0,-567613570,-721166806,2071035296,-721166806
313,313,0,0,0,-870853373,52247,1962899599,52247
314,314,0,0,0,-1155218573,-1288258780,1810133188,-1288258780
315,315,0,0,0,-1414221002,43956,1615947366,43956
316,316,0,0,0,-1641569108,-1741709785,1384339884,-1741709785
317,317,0,0,0,-1831954385,37582,1120291549,37582
318,318,0,0,0,-1980592627,-2038003214,829700682,-2038003214
319,319,0,0,0,-2083682682,33741,519120978,33741
320,320,0,0,0,-2138406451,-2147123062,195564894,-2147123062
321,321,0,0,0,-2143191035,32833,-133365283,32833
322,322,0,0,0,-2097446594,-2055830789,-460067260,-2055830789
323,323,0,0,0,-2001894026,34989,-776807672,34989
324,324,0,0,0,-1858368357,-1769500357,-1075853152,-1769500357
325,325,0,0,0,-1669949817,40054,-1349929090,40054
326,326,0,0,0,-1440767230,-1312511457,-1592219634,-1312511457
327,327,0,0,0,-1176063548,47590,-1796629837,47590
328,328,0,0,0,-882064777,-726217876,-1957785659,-726217876
329,329,0,0,0,-565717834,56903,-2071492723,56903
330,330,0,0,0,-234559471,-65998332,-2134474172,-65998332
331,331,0,0,0,103152656,1573,-2144894959,1573
332,332,0,0,0,439226421,603986478,-2101968631,603986478
333,333,0,0,0,765207552,11676,-2006350548,11676
334,334,0,0,0,1072838386,1217282034,-1860137882,1217282034
335,335,0,0,0,1354188942,20663,-1666541937,20663
336,336,0,0,0,1601853536,1711038330,-1430084758,1711038330
337,337,0,0,0,1809343996,27608,-1156533592,27608
338,338,0,0,0,1970893060,2032956793,-852573204,2032956793
339,339,0,0,0,2081978668,31768,-525936954,31768
340,340,0,0,0,2139455031,2147385221,-184751426,2147385221
341,341,0,0,0,2141290494,32673,162070352,32673
342,342,0,0,0,2087091822,2039184486,505484276,2039184486
343,343,0,0,0,1977776523,30178,836577311,30178
344,344,0,0,0,1815834991,1716284475,1146370889,1716284475
345,345,0,0,0,1605199436,24493,1426410733,24493
346,346,0,0,0,1351112808,1209815176,1669094543,1209815176
347,347,0,0,0,1060128796,16176,1867475392,16176
348,348,0,0,0,739784148,571157528,2015982624,571157528
349,349,0,0,0,398533131,6081,2110094178,6081
350,350,0,0,0,45550921,-132316489,2146926413,-132316489
351,351,0,0,0,-309397475,60814,2124971968,60814
352,352,0,0,0,-656874725,-824715048,2044427441,-824715048
353,353,0,0,0,-986984745,50475,1907127853,50475
354,354,0,0,0,-1290486812,-1429490924,1716350046,-1429490924
355,355,0,0,0,-1558598965,41753,1477140355,41753
356,356,0,0,0,-1783587829,-1877764688,1195790322,-1877764688
357,357,0,0,0,-1958768621,35647,879967766,35647
358,358,0,0,0,-2078767298,-2116778984,538454638,-2116778984
359,359,0,0,0,-2139717164,32886,180688260,32886
360,360,0,0,0,-2139521023,-2116255623,-182976528,-2116255623
361,361,0,0,0,-2077720100,33832,-542381489,33832
362,362,0,0,0,-1955559589,-1872852112,-886909632,-1872852112
363,363,0,0,0,-1776316322,38431,-1206533790,38431
364,364,0,0,0,-1544643416,-1411144722,-1491620021,-1411144722
365,365,0,0,0,-1267094557,46201,-1733648505,46201
366,366,0,0,0,-951403103,-782121142,-1925016945,-782121142
367,367,0,0,0,-606809759,56276,-2059826995,56276
368,368,0,0,0,-243276145,-57806465,-2133491057,-57806465
369,369,0,0,0,128318605,1957,-2143518707,1957
370,370,0,0,0,496964274,676666783,-2089057951,676666783
371,371,0,0,0,851519573,12993,-1971288441,12993
372,372,0,0,0,1181039820,1333151333,-1793421474,1333151333
373,373,0,0,0,1475301238,22511,-1560372311,22511
374,374,0,0,0,1724997565,1830577873,-1278891251,1830577873
375,375,0,0,0,1922133276,29329,-957367018,29329
376,376,0,0,0,2060285733,2105637581,-605499077,2105637581
377,377,0,0,0,2134605185,32571,-233904416,32571
378,378,0,0,0,2142470135,2121105331,145751386,2121105331
379,379,0,0,0,2083094125,31785,521737206,31785
380,380,0,0,0,1957853416,1871541426,882190848,1871541426
381,381,0,0,0,1770286989,27012,1215512259,27012
382,382,0,0,0,1525899937,1384667891,1510953363,1384667891
383,383,0,0,0,1232163464,18801,1758749141,18801
384,384,0,0,0,898187200,719336841,1950576381,719336841
385,385,0,0,0,534391520,8154,2079815833,8154
386,386,0,0,0,152507536,-41350889,2142010965,-41350889
387,387,0,0,0,-235143799,61947,2134474744,61947
388,388,0,0,0,-616044920,-800007353,2057141615,-800007353
389,389,0,0,0,-977612720,50618,1911912135,50618
390,390,0,0,0,-1307722851,-1457409523,1703242801,-1457409523
391,391,0,0,0,-1595102943,41196,1437621760,41196
392,392,0,0,0,-1830053505,-1925147925,1123437734,-1925147925
393,393,0,0,0,-2004185792,34954,770914483,34954
394,394,0,0,0,-2111339308,-2138406361,391717581,-2138406361
395,395,0,0,0,-2147385206,32769,-1504337,32769
396,396,0,0,0,-2110553969,-2065006029,-395578338,-2065006029
397,397,0,0,0,-2001763094,34991,-777134873,34991
398,398,0,0,0,-1824158341,-1711238331,-1132869930,-1711238331
399,399,0,0,0,-1583441408,41374,-1450462546,41374
400,400,0,0,0,-1287411184,-1121733821,-1718574810,-1121733821
401,401,0,0,0,-946094813,51099,-1927703844,51099
402,402,0,0,0,-570961259,-374809097,-2070050730,-374809097
403,403,0,0,0,-175052376,62864,-2140175879,62864
404,404,0,0,0,227738001,427363731,-2135261180,427363731
405,405,0,0,0,623516025,9514,-2054847855,9514
406,406,0,0,0,997994633,1173044092,-1901360751,1173044092
407,407,0,0,0,1337738731,20412,-1679715126,20412
408,408,0,0,0,1630361817,1755537709,-1397513249,1755537709
409,409,0,0,0,1864984739,28457,-1064454583,28457
410,410,0,0,0,2032759984,2089449769,-692204698,2089449769
411,411,0,0,0,2127199370,32458,-294067594,32458
412,412,0,0,0,2144305122,2123399119,115604134,2123399119
413,413,0,0,0,2083028624,31784,521868052,31784
414,414,0,0,0,1945073818,1848669167,909978333,1848669167
415,415,0,0,0,1735028272,26474,1265254687,26474
416,416,0,0,0,1460297645,1301567242,1574458629,1301567242
417,417,0,0,0,1130581396,17251,1825727950,17251
418,418,0,0,0,757872781,559623468,2009232083,559623468
419,419,0,0,0,355934555,5431,2117696402,5431
420,420,0,0,0,-60159780,-268698518,2146598832,-268698518
421,421,0,0,0,-474943493,58288,2094235389,58288
422,422,0,0,0,-872556633,-1060058115,1962113400,-1060058115
423,423,0,0,0,-1237663536,46650,1754820431,46650
424,424,0,0,0,-1556108201,-1693801665,1479762142,-1693801665
425,425,0,0,0,-1815241974,37837,1147162284,37837
426,426,0,0,0,-2004709990,-2070771582,769538408,-2070771582
427,427,0,0,0,-2116778862,33236,361177566,33236
428,428,0,0,0,-2146467758,-2129756145,-61994761,-2129756145
429,429,0,0,0,-2092138226,33612,-483659863,33612
430,430,0,0,0,-1955428667,-1857582222,-887236878,-1857582222
431,431,0,0,0,-1741254329,38966,-1256603701,38966
432,432,0,0,0,-1457545168,-1292916449,-1576883421,-1292916449
433,433,0,0,0,-1115180305,48519,-1835034161,48519
434,434,0,0,0,-727529268,-521415518,-2020307834,-521415518
435,435,0,0,0,-309862165,60807,-2124839977,60807
436,436,0,0,0,121043542,336070454,-2143911902,336070454
437,437,0,0,0,548017160,8362,-2076278379,8362
438,438,0,0,0,953560313,1143093462,-1924036565,1143093462
439,439,0,0,0,1321026594,20157,-1692888155,20157
440,440,0,0,0,1635080333,1767858549,-1391942763,1767858549
441,441,0,0,0,1882548575,28725,-1033128104,28725
442,442,0,0,0,2052617698,2106227288,-630862299,2106227288
443,443,0,0,0,2137947530,32622,-201595123,32622
444,444,0,0,0,2134343677,2098888503,236847372,2098888503
445,445,0,0,0,2041412890,31149,666311437,31149
446,446,0,0,0,1862563063,1743023876,1068708858,1743023876
447,447,0,0,0,1604872164,24488,1426803395,24488
448,448,0,0,0,1278695014,1094011959,1725193839,1094011959
449,449,0,0,0,897466677,13694,1950903843,13694
450,450,0,0,0,477178162,257891441,2093709615,257891441
451,451,0,0,0,35655519,544,2147122961,544
452,452,0,0,0,-408161064,-625088597,2108260226,-625088597
453,453,0,0,0,-835396931,52788,1978235507,52788
454,454,0,0,0,-1227177422,-1404324134,1762160661,-1404324134
455,455,0,0,0,-1566331829,41635,1468948691,41635
456,456,0,0,0,-1837655553,-1943891337,1110920528,-1943891337
457,457,0,0,0,-2028827614,34578,703477345,34578
458,458,0,0,0,-2131066026,-2146991878,264183041,-2146991878
459,459,0,0,0,-2139127801,32895,-187563443,32895
460,460,0,0,0,-2052291998,-1974106708,-631838861,-1974106708
461,461,0,0,0,-1873704363,36945,-1048851038,36945
462,462,0,0,0,-1610967154,-1451384838,-1419790844,-1451384838
463,463,0,0,0,-1275287171,46076,-1727618644,46076
464,464,0,0,0,-881475751,-668087435,-1958047351,-668087435
465,465,0,0,0,-446965715,58715,-2100328868,58715
466,466,0,0,0,8712923,237961348,-2147319633,237961348
467,467,0,0,0,464784943,7092,-2096463669,7092
468,468,0,0,0,900540651,1104360877,-1949399367,1104360877
469,469,0,0,0,1295663571,19770,-1712418245,19770
470,470,0,0,0,1631737791,1772511554,-1395940655,1772511554
471,471,0,0,0,1892837798,28882,-1014122561,28882
472,472,0,0,0,2066314926,2117434153,-584396781,2117434153
473,473,0,0,0,2143649333,32709,-126555475,32709
474,474,0,0,0,2120646614,2071494246,337970772,2071494246
475,475,0,0,0,1997765496,30483,787554748,30483
476,476,0,0,0,1780248900,1638951452,1200831387,1638951452
477,477,0,0,0,1477927344,22551,1557877428,22551
478,478,0,0,0,1104694639,896811480,1841456618,896811480
479,479,0,0,0,677918068,10344,2037609548,10344
480,480,0,0,0,217914078,-17756931,2136309028,-17756931
481,481,0,0,0,-253427983,61668,2132377597,61668
482,482,0,0,0,-713432317,-932129415,2025421995,-932129415
483,483,0,0,0,-1139685264,48145,1819964238,48145
484,484,0,0,0,-1511280509,-1670666773,1525507153,-1670666773
485,485,0,0,0,-1809671061,37922,1155944553,37922
486,486,0,0,0,-2019848917,-2088204389,728971399,-2088204389
487,487,0,0,0,-2130869368,33021,265362899,33021
488,488,0,0,0,-2136834044,-2099937118,-212205159,-2099937118
489,489,0,0,0,-2036759851,34457,-680073921,34457
490,490,0,0,0,-1835103263,-1698983266,-1115043285,-1698983266
491,491,0,0,0,-1541367109,42016,-1495027270,42016
492,492,0,0,0,-1169772881,-960316858,-1800757976,-960316858
493,493,0,0,0,-738539838,54266,-2016309883,54266
494,494,0,0,0,-269229628,-27594765,-2130410591,-27594765
495,495,0,0,0,214498906,3272,-2136637436,3272
496,496,0,0,0,688266002,913713414,-2034072857,913713414
497,497,0,0,0,1127691894,17207,-1827369940,17207
498,498,0,0,0,1510166302,1673550339,-1526621341,1673550339
499,499,0,0,0,1815503808,27702,-1146769459,27702
500,500,0,0,0,2027713352,2095020252,-706951069,2095020252
501,501,0,0,0,2135063775,32578,-229710875,32578
502,502,0,0,0,2131591166,2087878413,260243688,2087878413
503,503,0,0,0,2016771186,30773,737615341,30773
504,504,0,0,0,1796043362,1649175309,1177106799,1649175309
505,505,0,0,0,1480417868,22589,1555517946,22589
506,506,0,0,0,1086082305,865681596,1852466749,865681596
507,507,0,0,0,633549721,9667,2051831074,9667
508,508,0,0,0,146478952,-101906245,2142404054,-101906245
509,509,0,0,0,-349111827,60208,2118811610,60208
510,510,0,0,0,-827007818,-1051210060,1981709065,-1051210060
511,511,0,0,0,-1261321897,46289,1737846684,46289
512,512,1,0,0,-1628329652,-1780113679,1399873063,-1780113679
513,513,0,0,0,-1907845659,36424,985483156,36424
514,514,0,0,0,-2084206538,-2130279483,516828438,-2130279483
515,515,0,0,0,-2147254010,32771,19206167,32771
516,516,0,0,0,-2092924735,-2022276288,-480251348,-2022276288
517,517,0,0,0,-1923577994,36184,-954346252,36184
518,518,0,0,0,-1647995696,-1474716219,-1376601587,-1474716219
519,519,0,0,0,-1280792551,45992,-1723555081,45992
520,520,0,0,0,-841826230,-602878510,-1975414531,-602878510
521,521,0,0,0,-355279856,60114,-2117761752,60114
522,522,0,0,0,151910883,404359437,-2141945817,404359437
523,523,0,0,0,651434010,9940,-2046131636,9940
524,524,0,0,0,1115305221,1325417082,-1835037823,1325417082
525,525,0,0,0,1516916480,23146,-1519936692,23146
526,526,0,0,0,1833329806,1953525062,-1118129969,1953525062
527,527,0,0,0,2045998192,31219,-652096805,31219
528,528,0,0,0,2142272952,2144632752,-148051975,2144632752
529,529,0,0,0,2116124628,32289,365168258,32289
530,530,0,0,0,1968339613,1851028818,858465466,1851028818
531,531,0,0,0,1706847828,26044,1303068898,26044
532,532,0,0,0,1346132904,1134841916,1673091415,1134841916
533,533,0,0,0,906707876,13835,1946578089,13835
534,534,0,0,0,413738918,155981993,2107210163,155981993
535,535,0,0,0,-104199860,63946,2144894888,63946
536,536,0,0,0,-616895909,-861807814,2056879654,-861807814
537,537,0,0,0,-1094202207,48839,1847686459,48839
538,538,0,0,0,-1507741215,-1682594271,1529046371,-1682594271
539,539,0,0,0,-1832608843,37572,1119244165,37572
540,540,0,0,0,-2049012877,-2112125474,642266342,-2112125474
541,541,0,0,0,-2143649253,32826,126162709,32826
542,542,0,0,0,-2110095292,-2045410758,-398198825,-2045410758
543,543,0,0,0,-1949792747,35784,-899688184,35784
544,544,0,0,0,-1671720130,-1493328805,-1347765116,-1493328805
545,545,0,0,0,-1292065027,45820,-1715100666,45820
546,546,0,0,0,-833437655,-582955438,-1978953455,-582955438
547,547,0,0,0,-323363520,60601,-2122873648,60601
548,548,0,0,0,207289474,470158426,-2137358322,470158426
549,549,0,0,0,726080518,11079,-2020834531,11079
550,550,0,0,0,1201224161,1412974489,-1779921449,1412974489
551,551,0,0,0,1602966584,24459,-1428840546,24459
552,552,0,0,0,1906207077,2014540190,-988760223,2014540190
553,553,0,0,0,2091546643,31914,-486550610,31914
554,554,0,0,0,2146926415,2124251127,46789320,2124251127
555,555,0,0,0,2068151965,31557,578032322,31557
556,556,0,0,0,1859548668,1710190294,1073951134,1710190294
557,557,0,0,0,1533634031,23401,1503087976,23401
558,558,0,0,0,1110396783,870269487,1838048349,870269487
559,559,0,0,0,616117215,9401,2057139459,9401
560,560,0,0,0,81859833,-189659935,2145877571,-189659935
561,561,0,0,0,-458296142,58542,2097905534,58542
562,562,0,0,0,-970140394,-1205025236,1915713686,-1205025236
563,563,0,0,0,-1420576724,43859,1610312177,43859
564,564,0,0,0,-1780244523,-1918396957,1200706678,-1918396957
565,565,0,0,0,-2025550425,34628,712915329,34628
566,566,0,0,0,-2139913513,-2145222541,178199240,-2145222541
567,567,0,0,0,-2115403742,33257,-368903609,33257
568,568,0,0,0,-1952873024,-1822651495,-892937706,-1822651495
569,569,0,0,0,-1662282916,40171,-1359299501,40171
570,570,0,0,0,-1262114787,-1028803387,-1737252109,-1028803387
571,571,0,0,0,-778190163,53661,-2001367129,53661
572,572,0,0,0,-242097836,34533777,-2133621828,34533777
573,573,0,0,0,310772238,4742,-2124709882,4742
574,574,0,0,0,843981490,1091908174,-1974565683,1091908174
575,575,0,0,0,1321746709,20168,-1692364342,20168
576,576,0,0,0,1711758122,1865311751,-1296521687,1865311751
577,577,0,0,0,1987538734,30327,-813055850,30327
578,578,0,0,0,2129820608,2147385074,-274014383,2147385074
579,579,0,0,0,2128510974,32478,284229708,32478
580,580,0,0,0,1982954389,1858565681,824254800,1858565681
581,581,0,0,0,1702260423,25974,1309032478,25974
582,582,0,0,0,1305107048,1070878154,1705269915,1070878154
583,583,0,0,0,818036692,12482,1985507057,12482
584,584,0,0,0,274014422,-7729067,2129886134,-7729067
585,585,0,0,0,-289538166,61117,2127790078,61117
586,586,0,0,0,-834085319,-1087254968,1978760053,-1087254968
587,587,0,0,0,-1321746639,45367,1692429919,45367
588,588,0,0,0,-1718180709,-1873241706,1288001948,-1873241706
589,589,0,0,0,-1995534248,35086,793132691,35086
590,590,0,0,0,-2133687335,-2146926382,242032417,-2146926382
591,591,0,0,0,-2122350584,33151,-326763146,33151
592,592,0,0,0,-1961654989,-1828156653,-873538582,-1828156653
593,593,0,0,0,-1662151928,40173,-1359430436,40173
594,594,0,0,0,-1244551018,-1000294959,-1749835135,-1000294959
595,595,0,0,0,-737885088,54276,-2016571714,54276
596,596,0,0,0,-177871757,109704549,-2139979006,109704549
597,597,0,0,0,395576969,6036,-2110619604,6036
598,598,0,0,0,941631541,1191917600,-1929869700,1191917600
599,599,0,0,0,1420838667,21680,-1610050167,21680
600,600,0,0,0,1798267087,1939827503,-1173640122,1939827503
601,601,0,0,0,2046129055,31221,-651638504,31221
602,602,0,0,0,2145877524,2137227239,-81532431,2137227239
603,603,0,0,0,2089516899,31883,495258735,31883
604,604,0,0,0,1880520553,1722904598,1036856852,1722904598
605,605,0,0,0,1533437617,23398,1503349863,23398
606,606,0,0,0,1073106537,810696694,1860003114,810696694
607,607,0,0,0,533082194,8134,2080208517,8134
608,608,0,0,0,-47116640,-338887375,2146926376,-338887375
609,609,0,0,0,-624628788,56004,2054520420,56004
610,610,0,0,0,-1156658582,-1392919794,1809216572,-1392919794
611,611,0,0,0,-1603228423,41072,1428578665,41072
612,612,0,0,0,-1930390095,-2041082640,940525384,-2041082640
613,613,0,0,0,-2113239465,33290,381102021,33290
614,614,0,0,0,-2137292771,-2088468325,-207682247,-2088468325
615,615,0,0,0,-1999993980,35018,-781721028,35018
616,616,0,0,0,-1711042474,-1515873789,-1297432207,-1515873789
617,617,0,0,0,-1291672155,45826,-1715362471,45826
618,618,0,0,0,-773275173,-488975896,-2003267557,-488975896
619,619,0,0,0,-195108134,62558,-2138471585,62558
620,620,0,0,0,398788127,687478725,-2109964249,687478725
621,621,0,0,0,963062010,14695,-1919318338,14695
622,622,0,0,0,1453869242,1659459240,-1580362067,1659459240
623,623,0,0,0,1832936169,27968,-1118720316,27968
624,624,0,0,0,2070443385,2129689448,-569586386,2129689448
625,625,0,0,0,2147254000,32764,24506262,32764
626,626,0,0,0,2056683143,1950120598,617550673,1950120598
627,627,0,0,0,1805022268,27542,1163212184,27542
628,628,0,0,0,1411408081,1170428960,1618432952,1170428960
629,629,0,0,0,906118595,13826,1946905424,13826
630,630,0,0,0,328541484,26743701,2122152570,26743701
631,631,0,0,0,-275775080,61328,2129625084,61328
632,632,0,0,0,-859054632,-1128149813,1968077658,-1128149813
633,633,0,0,0,-1374831423,44557,1649503464,44557
634,634,0,0,0,-1781554949,-1933273649,1198806464,-1933273649
635,635,0,0,0,-2046128956,34314,651442101,34314
636,636,0,0,0,-2146729532,-2132246517,50926887,-2132246517
637,637,0,0,0,-2074509080,33881,-554372903,33881
638,638,0,0,0,-1834579380,-1657040218,-1115894345,-1657040218
639,639,0,0,0,-1445618373,43477,-1587761511,43477
640,640,0,0,0,-938624973,-653342707,-1931307509,-653342707
641,641,0,0,0,-354428658,60127,-2117892589,60127
642,642,0,0,0,259521826,561909623,-2131591158,561909623
643,643,0,0,0,853090686,13017,-1970633609,13017
644,644,0,0,0,1377387305,1599623705,-1647406325,1599623705
645,645,0,0,0,1788895064,27296,-1187927396,27296
646,646,0,0,0,2053010354,2122283614,-629552830,2122283614
647,647,0,0,0,2147319423,32765,-18158468,32765
648,648,0,0,0,2063236815,1955625722,595464544,1955625722
649,649,0,0,0,1806922896,27571,1160393952,27571
650,650,0,0,0,1399087249,1148474212,1629049858,1148474212
651,651,0,0,0,873415796,13327,1961782311,13327
652,652,0,0,0,273490573,-38596531,2129951550,-38596531
653,653,0,0,0,-350159437,60192,2118680569,60192
654,654,0,0,0,-945170180,-1215903831,1928165863,-1215903831
655,655,0,0,0,-1460881530,43244,1573874047,43244
656,656,0,0,0,-1852990420,-1991601779,1085165595,-1991601779
657,657,0,0,0,-2087548598,33682,503263195,33682
658,658,0,0,0,-2143846267,-2102820809,-122483847,-2102820809
659,659,0,0,0,-2016312663,34769,-738597360,34769
660,660,0,0,0,-1715105901,-1506764347,-1291992365,-1506764347
661,661,0,0,0,-1265523152,46225,-1734761265,46225
662,662,0,0,0,-705837928,-399452691,-2027975007,-399452691
663,663,0,0,0,-84154320,64251,-2145680834,64251
664,664,0,0,0,545590757,846340229,-2076868413,846340229
665,665,0,0,0,1128739442,17223,-1826780578,17223
666,666,0,0,0,1613910692,1805934642,-1416520125,1805934642
667,667,0,0,0,1958177700,29879,-881411393,29879
668,668,0,0,0,2130606903,2146795262,-267985574,2146795262
669,669,0,0,0,2115338229,32277,369754894,32277
670,670,0,0,0,1912895847,1746301444,975710347,1746301444
671,671,0,0,0,1540515862,23506,1496009341,23506
672,672,0,0,0,1030638975,737754478,1883923933,737754478
673,673,0,0,0,428092409,6532,2104326196,6532
674,674,0,0,0,-213514631,-530975930,2136768469,-530975930
675,675,0,0,0,-836771751,52767,1977646085,52767
676,676,0,0,0,-1385710334,-1616335513,1640394000,-1616335513
677,677,0,0,0,-1810391128,37911,1154765891,37911
678,678,0,0,0,-2071950601,-2133228416,564081618,-2133228416
679,679,0,0,0,-2145943335,32791,-78442843,32791
680,680,0,0,0,-2024897982,-1893759154,-714741737,-1893759154
681,681,0,0,0,-1719038177,39305,-1286814807,39305
682,682,0,0,0,-1255627185,-977423064,-1741904720,-977423064
683,683,0,0,0,-676477507,55213,-2038002167,55213
684,684,0,0,0,-34411890,291896818,-2147057199,291896818
685,685,0,0,0,611586405,9332,-2058387150,9332
686,686,0,0,0,1202075310,1458915238,-1779397562,1458915238
687,687,0,0,0,1681872629,25663,-1335057899,25663
688,688,0,0,0,2006085429,2099541906,-766132063,2099541906
689,689,0,0,0,2143780132,32711,-124984034,32711
690,690,0,0,0,2081390442,1975942159,528485416,1975942159
691,691,0,0,0,1823897030,27830,1133457949,27830
692,692,0,0,0,1394762003,1127699234,1632785260,1127699234
693,693,0,0,0,833700663,12721,1978952940,12721
694,694,0,0,0,193208059,-138081404,2138733616,-138081404
695,695,0,0,0,-466290747,58420,2096136123,58420
696,696,0,0,0,-1082535607,-1355694215,1854568234,-1355694215
697,697,0,0,0,-1596477647,41175,1436050243,41175
698,698,0,0,0,-1958767422,-2071295169,879969758,-2071295169
699,699,0,0,0,-2134014838,32973,238952899,32973
700,700,0,0,0,-2104721375,-2013232500,-425657760,-2013232500
701,701,0,0,0,-1872852992,36958,-1050356871,36958
702,702,0,0,0,-1460102287,-1197430536,-1574522672,-1197430536
703,703,0,0,0,-905529184,51718,-1947036222,51718
704,704,0,0,0,-262415167,73068635,-2131262220,73068635
705,705,0,0,0,406914138,6209,-2108456940,6209
706,706,0,0,0,1037577108,1318731224,-1880062041,1318731224
707,707,0,0,0,1567641242,23920,-1467573508,23920
708,708,0,0,0,1944676858,2063430633,-910706630,2063430633
709,709,0,0,0,2131131133,32518,-263660403,32518
710,710,0,0,0,2107867115,2017295779,410059880,2017295779
711,711,0,0,0,1876391997,28631,1044261858,28631
712,712,0,0,0,1458791591,1192253171,1575898897,1192253171
713,713,0,0,0,895764240,13668,1951689332,13668
714,714,0,0,0,242819678,-97186183,2133621579,-97186183
715,715,0,0,0,-435029451,58897,2102886365,58897
716,716,0,0,0,-1070280046,-1351630796,1861646249,-1351630796
717,717,0,0,0,-1599033489,41136,1433297780,41136
718,718,0,0,0,-1967483815,-2079159622,860243260,-2079159622
719,719,0,0,0,-2138012654,32912,199696384,32912
720,720,0,0,0,-2092597174,-1989180603,-481757314,-1989180603
721,721,0,0,0,-1834907281,37537,-1115369526,37537
722,722,0,0,0,-1390436704,-1111380705,-1636324113,-1111380705
723,723,0,0,0,-803684927,53272,-1991273860,53272
724,724,0,0,0,-134093906,210565121,-2143124690,210565121
725,725,0,0,0,549981324,8392,-2075754337,8392
726,726,0,0,0,1178547247,1451247167,-1795060960,1451247167
727,727,0,0,0,1686525568,25734,-1329159767,25734
728,728,0,0,0,2021093362,2111469687,-725564941,2111469687
729,729,0,0,0,2146926042,32759,-46077775,32759
730,730,0,0,0,2050195133,1920301619,638915044,1920301619
731,731,0,0,0,1740075637,26551,1258436938,26551
732,732,0,0,0,1248090686,949176932,1747475141,949176932
733,733,0,0,0,625031315,9537,2054451920,9537
734,734,0,0,0,-64220943,-411173844,2146467550,-411173844
735,735,0,0,0,-747575427,54128,2013035936,54128
736,736,0,0,0,-1353072497,-1606045863,1667460906,-1606045863
737,737,0,0,0,-1816420283,37819,1145328886,37819
738,738,0,0,0,-2088007151,-2141813877,501232061,-2141813877
739,739,0,0,0,-2138341290,32907,-196736716,32907
740,740,0,0,0,-1961130966,-1791980773,-874586203,-1791980773
741,741,0,0,0,-1574529744,41510,-1460094598,41510
742,742,0,0,0,-1019039323,-695811262,-1890149685,-695811262
743,743,0,0,0,-353577338,60140,-2118023446,60140
744,744,0,0,0,350617575,693507301,-2118549503,693507301
745,745,0,0,0,1017850198,15531,-1890744611,15531
746,746,0,0,0,1576095326,1794596337,-1458464051,1794596337
747,747,0,0,0,1964272375,29972,-867714635,29972
748,748,0,0,0,2139716608,2140438409,-182001594,2140438409
749,749,0,0,0,2082439060,31775,524225109,31775
750,750,0,0,0,1797944642,1578986282,1174221649,1578986282
751,751,0,0,0,1316380189,20086,1696552639,20086
752,752,0,0,0,689978531,343353632,2033545400,343353632
753,753,0,0,0,-12970889,65338,2147384921,65338
754,754,0,0,0,-715396610,-1041902245,2024701462,-1041902245
755,755,0,0,0,-1339637275,45094,1678274539,45094
756,756,0,0,0,-1816289122,-1981705283,1145525593,-1981705283
757,757,0,0,0,-2091873823,33616,484979018,33616
758,758,0,0,0,-2134998979,-2066513730,-230225996,-2066513730
759,759,0,0,0,-1939962669,35934,-920658632,35934
760,760,0,0,0,-1527736532,-1253530384,-1508985201,-1253530384
761,761,0,0,0,-943737528,51135,-1928816619,51135
762,762,0,0,0,-252978224,108392683,-2132376261,108392683
763,763,0,0,0,466945653,7125,-2095939541,7125
764,764,0,0,0,1135161454,1425621929,-1822783098,1425621929
765,765,0,0,0,1675646201,25568,-1342922680,25568
766,766,0,0,0,2026598382,2117302475,-710098452,2117302475
767,767,0,0,0,2147384883,32766,4254375,32766
768,768,0,0,0,2023456285,1872787611,718935516,1872787611
769,769,0,0,0,1668116384,25453,1352351392,25453
770,770,0,0,0,1121145945,794510035,1831493701,794510035
771,771,0,0,0,444739419,6786,2100852457,6786
772,772,0,0,0,-283573023,-641011943,2128576487,-641011943
773,773,0,0,0,-980035126,50581,1910667816,50581
774,774,0,0,0,-1563970800,-1791712569,1471440458,-1791712569
775,775,0,0,0,-1967155916,35519,860964492,35519
776,776,0,0,0,-2142141514,-2136244143,149757587,-2136244143
777,777,0,0,0,-2067627861,33986,-579669248,33986
778,778,0,0,0,-1751413638,-1512990821,-1242314524,-1512990821
779,779,0,0,0,-1229806127,46770,-1760254675,46770
780,780,0,0,0,-563164735,-199369106,-2072146926,-199369106
781,781,0,0,0,170456093,2600,-2140569457,2600
782,782,0,0,0,884809706,1208038589,-1956609011,1208038589
783,783,0,0,0,1495418881,22818,-1541040594,22818
784,784,0,0,0,1929537438,2063102722,-942361380,2063102722
785,785,0,0,0,2134932216,32576,-231023491,32576
786,786,0,0,0,2086305720,1967094874,508495971,1967094874
787,787,0,0,0,1788638527,27292,1188311894,27292
788,788,0,0,0,1276599489,958286871,1726765107,958286871
789,789,0,0,0,610875678,9321,2058711691,9321
790,790,0,0,0,-129036650,-499058609,2143518505,-499058609
791,791,0,0,0,-854203840,52501,1970175101,52501
792,792,0,0,0,-1477068428,-1725716491,1558670028,-1725716491
793,793,0,0,0,-1921803997,36211,957959211,36211
794,794,0,0,0,-2133883583,-2143059761,240329798,-2143059761
795,795,0,0,0,-2086567869,33697,-507250706,33697
796,796,0,0,0,-1784837422,-1548642915,-1193882492,-1548642915
797,797,0,0,0,-1264606287,46239,-1735481514,46239
798,798,0,0,0,-588855324,-217916186,-2065003274,-217916186
799,799,0,0,0,159904514,2439,-2141421397,2439
800,800,0,0,0,889855941,1219245322,-1954315261,1219245322
801,801,0,0,0,1510885548,23054,-1525901661,23054
802,802,0,0,0,1945790629,2075358202,-908347828,2075358202
803,803,0,0,0,2140044211,32654,-177479906,32654
804,804,0,0,0,2068676461,1934588749,576130063,1934588749
805,805,0,0,0,1739617103,26544,1258960782,26544
806,806,0,0,0,1193105614,858539805,1785420845,858539805
807,807,0,0,0,496710444,7579,2089186642,7579
808,808,0,0,0,-262666473,-636227496,2131263436,-636227496
809,809,0,0,0,-989865453,50431,1905621567,50431
810,810,0,0,0,-1593331258,-1823694585,1439655247,-1823694585
811,811,0,0,0,-1996188852,35076,791364498,35076
812,812,0,0,0,-2146925946,-2120122360,42211649,-2120122360
813,813,0,0,0,-2025487967,34629,-712971343,34629
814,814,0,0,0,-1646423865,-1373987363,-1378434904,-1373987363
815,815,0,0,0,-1057182182,49404,-1869046365,49404
816,816,0,0,0,-332212760,52620338,-2121496800,52620338
817,817,0,0,0,436011810,6653,-2102624245,6653
818,818,0,0,0,1149186051,1455834239,-1813935782,1455834239
819,819,0,0,0,1715427014,26175,-1291673110,26175
820,820,0,0,0,2061202024,2135915227,-602356068,2135915227
821,821,0,0,0,2141028175,32669,165475010,32669
822,822,0,0,0,1943763906,1747547099,912728233,1747547099
823,823,0,0,0,1494050857,22797,1542474338,22797
824,824,0,0,0,849495811,479474338,1972267645,479474338
825,825,0,0,0,93461652,1426,2145352899,1426
826,826,0,0,0,-675418529,-1033119811,2038398662,-1033119811
827,827,0,0,0,-1356873109,44831,1664380981,44831
828,828,0,0,0,-1860919683,-2024369900,1071469289,-2024369900
829,829,0,0,0,-2120775850,33175,336997040,33175
830,830,0,0,0,-2101247988,-1985772863,-442630962,-1985772863
831,831,0,0,0,-1804039773,38008,-1164718262,38008
832,832,0,0,0,-1267555610,-930565006,-1733253077,-930565006
833,833,0,0,0,-562247544,56956,-2072408921,56956
834,834,0,0,0,218559891,604900614,-2136178578,604900614
835,835,0,0,0,971121678,14818,-1915189968,14818
836,836,0,0,0,1594707398,1830969101,-1438016936,1830969101
837,837,0,0,0,2005429538,30600,-767771360,30600
838,838,0,0,0,2147384805,2109833214,6285544,2109833214
839,839,0,0,0,2000649665,30527,780277718,30527
840,840,0,0,0,1583901870,1290428008,1450001309,1290428008
841,841,0,0,0,952716522,14537,1924490830,14537
842,842,0,0,0,191832758,-205386897,2138798899,-205386897
843,843,0,0,0,-595790910,56444,2063105896,56444
844,844,0,0,0,-1303329173,-1596018096,1706586703,-1596018096
845,845,0,0,0,-1833918242,37552,1117083041,37552
846,846,0,0,0,-2114484156,-2147253769,374287675,-2147253769
847,847,0,0,0,-2105769981,33404,-420479333,33404
848,848,0,0,0,-1808037555,-1561816005,-1158426594,-1561816005
849,849,0,0,0,-1261264152,46290,-1737840599,46290
850,850,0,0,0,-540030628,-144384049,-2078307262,-144384049
851,851,0,0,0,256505700,3913,-2131984308,3913
852,852,0,0,0,1018373801,1352678579,-1890482692,1352678579
853,853,0,0,0,1639796896,25021,-1386439528,25021
854,854,0,0,0,2033872751,2126739770,-688996087,2126739770
855,855,0,0,0,2144829123,32727,105180744,32727
856,856,0,0,0,1956346987,1756132507,885464587,1756132507
857,857,0,0,0,1493788844,22793,1542736297,22793
858,858,0,0,0,821184061,434581746,1984195328,434581746
859,859,0,0,0,32381415,494,2147188056,494
860,860,0,0,0,-761665055,-1125330279,2007793169,-1125330279
861,861,0,0,0,-1449083668,43424,1584688386,43424
862,862,0,0,0,-1932158618,-2074047275,936922245,-2074047275
863,863,0,0,0,-2141682592,32856,155525416,32856
864,864,0,0,0,-2047049502,-1887861252,-648613621,-1887861252
865,865,0,0,0,-1660645511,40196,-1361329406,40196
866,866,0,0,0,-1036800480,-662453709,-1880449634,-662453709
867,867,0,0,0,-263989117,61507,-2131065280,61507
868,868,0,0,0,547424408,931078305,-2076409781,931078305
869,869,0,0,0,1281111935,19548,-1723364182,19548
870,870,0,0,0,1831100022,2010803492,-1121736286,2010803492
871,871,0,0,0,2117433306,32309,-357641451,32309
872,872,0,0,0,2097840117,1972141322,458818320,1972141322
873,873,0,0,0,1774155148,27071,1209807526,27071
874,874,0,0,0,1192516114,829966100,1785813744,829966100
875,875,0,0,0,436744568,6664,2102556172,6664
876,876,0,0,0,-383516257,-780277468,2112913404,-780277468
877,877,0,0,0,-1148530307,48010,1814394686,48010
878,878,0,0,0,-1746163684,-1953261589,1249860876,-1953261589
879,879,0,0,0,-2088006765,33675,501232941,33675
880,880,0,0,0,-2123071457,-2021817996,-321845900,-2021817996
881,881,0,0,0,-1845196931,37380,-1098263327,37380
882,882,0,0,0,-1294360410,-940592423,-1713329506,-940592423
883,883,0,0,0,-551368721,57122,-2075357968,57122
884,884,0,0,0,274134930,679546966,-2129756087,679546966
885,885,0,0,0,1059727489,16170,-1867610474,16170
886,886,0,0,0,1688294263,1912890529,-1326932233,1912890529
887,887,0,0,0,2065461764,31516,-587545129,31516
888,888,0,0,0,2133884815,2046983984,240448883,2046983984
889,889,0,0,0,1882487298,28724,1033250479,28724
890,890,0,0,0,1347904035,998002775,1671647786,998002775
891,891,0,0,0,609893244,9306,2058973525,9306
892,892,0,0,0,-220918830,-631901483,2136047474,-631901483
893,893,0,0,0,-1019094443,49985,1890155091,49985
894,894,0,0,0,-1663717763,-1896375083,1357603503,-1896375083
895,895,0,0,0,-2056352009,34158,618413068,34158
896,896,0,0,0,-2136506216,-2053275481,-215610306,-2053275481
897,897,0,0,0,-1890941539,36682,-1017587064,36682
898,898,0,0,0,-1356161710,-1004163286,-1664897412,-1004163286
899,899,0,0,0,-613170139,56179,-2057924899,56179
900,900,0,0,0,224588847,638913890,-2135588723,638913890
901,901,0,0,0,1028662805,15696,-1884912179,15696
902,902,0,0,0,1675121196,1906467800,-1343578658,1906467800
903,903,0,0,0,2063561122,31487,-594229993,31487
904,904,0,0,0,2133098383,2042593060,247723382,2042593060
905,905,0,0,0,1872001471,28564,1052125057,28564
906,906,0,0,0,1319788807,959663786,1693995897,959663786
907,907,0,0,0,561527091,8568,2072670849,8568
908,908,0,0,0,-284948374,-700059900,2128445368,-700059900
909,909,0,0,0,-1087777211,48937,1851488512,48937
910,910,0,0,0,-1720997222,-1941333653,1284202327,-1941333653
911,911,0,0,0,-2084729783,33725,514799284,33725
912,912,0,0,0,-2120843233,-2011856490,-336329362,-2011856490
913,913,0,0,0,-1822717931,37723,-1135226046,37723
914,914,0,0,0,-1236360456,-862407090,-1755666408,-862407090
915,915,0,0,0,-453718888,58612,-2098820408,58612
916,916,0,0,0,401538664,813963246,-2109505532,813963246
917,917,0,0,0,1193881732,18217,-1784837745,18217
918,918,0,0,0,1796954869,1995598619,-1175673357,1995598619
919,919,0,0,0,2113828594,32254,-378285894,32254
920,920,0,0,0,2092990453,1954512064,480248599,1954512064
921,921,0,0,0,1736864895,26502,1262826756,26502
922,922,0,0,0,1101485656,709378471,1843420796,709378471
923,923,0,0,0,288238152,4398,2127984847,4398
924,924,0,0,0,-572065953,-976364058,2069790644,-976364058
925,925,0,0,0,-1340946995,45074,1677160959,45074
926,926,0,0,0,-1893556840,-2058711262,1012748760,-2058711262
927,927,0,0,0,-2139519670,32889,183379046,32889
928,928,0,0,0,-2038005533,-1859549562,-676466431,-1859549562
929,929,0,0,0,-1604480727,41053,-1427062785,41053
930,930,0,0,0,-908741756,-496580139,-1945527969,-496580139
931,931,0,0,0,-63708570,64563,-2146401414,64563
932,932,0,0,0,792466987,1180380988,-1995800079,1180380988
933,933,0,0,0,1519470171,23185,-1517382380,23185
934,934,0,0,0,1997236999,2115794699,-788874803,2115794699
935,935,0,0,0,2146270748,32749,70314527,32749
936,936,0,0,0,1940946024,1713533872,918691352,1713533872
937,937,0,0,0,1414227490,21579,1615940901,21579
938,938,0,0,0,652558059,221849317,2045865846,221849317
939,939,0,0,0,-218297031,62205,2136309583,62205
940,940,0,0,0,-1053566647,-1413496525,1871149567,-1413496525
941,941,0,0,0,-1713984577,39382,1293574234,39382
942,942,0,0,0,-2088530885,-2146466941,499267223,-2146466941
943,943,0,0,0,-2113568753,33285,-379386969,33285
944,944,0,0,0,-1783920301,-1500998229,-1195192304,-1500998229
945,945,0,0,0,-1154046328,47926,-1810848648,47926
946,946,0,0,0,-329067820,113831010,-2121955266,113831010
947,947,0,0,0,552142536,8425,-2075164624,8425
948,948,0,0,0,1340881317,1657425900,-1677226567,1657425900
949,949,0,0,0,1903125194,29039,-994660705,29039
950,950,0,0,0,2142665527,2126020534,-142484133,2126020534
951,951,0,0,0,2017885880,30790,734597638,30790
952,952,0,0,0,1548905636,1208048722,1487356844,1208048722
953,953,0,0,0,814827521,12433,1986816466,12433
954,954,0,0,0,-59304187,-502465417,2146598376,-502465417
955,955,0,0,0,-924065268,51435,1938390129,51435
956,956,0,0,0,-1630948821,-1885233463,1396860316,-1885233463
957,957,0,0,0,-2057597023,34139,614350151,34139
958,958,0,0,0,-2129690515,-2026012401,-274855336,-2026012401
959,959,0,0,0,-1833662659,37556,-1117399658,37556
960,960,0,0,0,-1219779852,-824920245,-1767200740,-824920245
961,961,0,0,0,-393621804,59529,-2110944812,59529
962,962,0,0,0,501613384,926359014,-2087944180,926359014
963,963,0,0,0,1310406455,19995,-1701147513,19995
964,964,0,0,0,1891262865,2062119098,-1017008856,2062119098
965,965,0,0,0,2141879017,32682,-154411958,32682
966,966,0,0,0,2017361603,1818327102,735973815,1818327102
967,967,0,0,0,1538485345,23475,1498104854,23475
968,968,0,0,0,788547311,351678208,1997367946,351678208
969,969,0,0,0,-100985610,63995,2145025604,63995
970,970,0,0,0,-973545664,-1354316296,1914010556,-1354316296
971,971,0,0,0,-1674662074,39982,1344103251,39982
972,972,0,0,0,-2079552115,-2145680372,535378253,-2145680372
973,973,0,0,0,-2115403749,33257,-369162990,33257
974,974,0,0,0,-1774745244,-1479502281,-1208823835,-1479502281
975,975,0,0,0,-1117345840,48486,-1833721028,48486
976,976,0,0,0,-259664383,197128325,-2131589352,197128325
977,977,0,0,0,645139391,9844,-2048163700,9844
978,978,0,0,0,1435189103,1741182347,-1597271851,1741182347
979,979,0,0,0,1968138184,30031,-858933993,30031
980,980,0,0,0,2147122560,2090827770,34662106,2090827770
981,981,0,0,0,1939045535,29587,922819889,29587
982,982,0,0,0,1380279613,998658629,1645039184,998658629
983,983,0,0,0,571095942,8714,2070049104,8714
984,984,0,0,0,-342423813,-786371689,2119925710,-786371689
985,985,0,0,0,-1194471136,47309,1784510234,47309
986,986,0,0,0,-1829854273,-2027646226,1123768504,-2027646226
987,987,0,0,0,-2131851484,33006,257370660,33006
988,988,0,0,0,-2044428138,-1856535004,-656739373,-1856535004
989,989,0,0,0,-1582460585,41389,-1451442257,41389
990,990,0,0,0,-829639067,-385757556,-1980590262,-385757556
991,991,0,0,0,76278017,1163,-2146008553,1163
992,992,0,0,0,969023460,1358051778,-1916238837,1358051778
993,993,0,0,0,1683837170,25693,-1332634406,25693
994,994,0,0,0,2087875352,2147056754,-502085632,2147056754
995,995,0,0,0,2105507833,32127,422182286,32127
996,996,0,0,0,1732408609,1418028866,1268921242,1418028866
997,997,0,0,0,1036735621,15819,1880580126,15819
998,998,0,0,0,147399718,-318830391,2142337736,-318830391
999,999,0,0,0,-770183937,53783,2004516499,53783
1000,1000,0,0,0,-1544701609,-1830902803,1491692217,-1830902803
1001,1001,0,0,0,-2030398754,34554,698893024,34554
1002,1002,0,0,0,-2135457581,-2035711817,-225702285,-2035711817
1003,1003,0,0,0,-1838971223,37475,-1108682939,37475
1004,1004,0,0,0,-1195728040,-779700038,-1783584845,-779700038
1005,1005,0,0,0,-326184570,60558,-2122413890,60558
1006,1006,0,0,0,605751430,1039606811,-2060156854,1039606811
1007,1007,0,0,0,1423785463,21725,-1607430143,21725
1008,1008,0,0,0,1972332467,2110092687,-849234694,2110092687
1009,1009,0,0,0,2146270661,32749,71166012,32749
1010,1010,0,0,0,1911389162,1651339757,978788366,1651339757
1011,1011,0,0,0,1311400557,20010,1700483538,20010
1012,1012,0,0,0,460142108,-10019987,2097509374,-10019987
1013,1013,0,0,0,-479920281,58212,2093055998,58212
1014,1014,0,0,0,-1328822079,-1666338613,1686860661,-1666338613
1015,1015,0,0,0,-1922917203,36194,955797690,36194
1016,1016,0,0,0,-2146991187,-2103345145,39984749,-2103345145
1017,1017,0,0,0,-1956805983,35677,-884218312,35677
1018,1018,0,0,0,-1388078642,-993481405,-1638354192,-993481405
1019,1019,0,0,0,-549862200,57145,-2075750777,57145
1020,1020,0,0,0,395705160,851318677,-2110554088,851318677
1021,1021,0,0,0,1265185470,19305,-1735030146,19305
1022,1022,0,0,0,1889034336,2067951768,-1021137978,2067951768
1023,1023,0,0,0,2144762690,32726,-107291262,32726
